Comment,Designator,Footprint,LCSC
0.1uF,"C12,C13,C4,C5,C6,C7,C8,C9",C_0603_1608Metric,C14663
100k,"R22,R31,R42,R45,R50,R51,R54,R55,R56,R57,R7,R8",R_0805_2012Metric,C149504
1uF,"C1,C14,C15,C23",C_0603_1608Metric,C15849
22pF,"C16,C17",C_0603_1608Metric,C1653
10k,"R14,R15,R16,R17,R21,R27,R47,R48",R_0805_2012Metric,C17414
1k,"R28,R29,R3,R32,R39,R4,R40,R58",R_0805_2012Metric,C17513
200k,"R12,R13,R43,R46",R_0805_2012Metric,C17539
30k,"R18,R33",R_0805_2012Metric,C17621
470,"R30,R59",R_0805_2012Metric,C17710
1N5819,"D17,D18",D_SOD-323,C191023
3.6k,"R19,R20,R34,R35",R_0603_1608Metric,C22980
TL072,"U1,U2,U3",SOP-8_3.9x4.9mm_P1.27mm,C6961
1N4148,"D1,D10,D11,D12,D13,D14,D15,D16,D2,D3,D4,D5,D6,D7,D8,D9",D_SOD-123,C81598
