Comment,Designator,Footprint,LCSC
0.1uF,"C12,C13,C4,C5,C6,C7,C8,C9",C_0603_1608Metric,C14663
100k,"R22,R31,R42,R45,R50,R51,R54,R55,R56,R57,R7,R8",R_0805_2012Metric,C149504
1uF,"C1,C14,C15,C23",C_0603_1608Metric,C15849
22pF,"C16,C17",C_0603_1608Metric,C1653
10k,"R14,R15,R16,R17,R21,R27,R47,R48",R_0805_2012Metric,C17414
1k,"R28,R29,R3,R32,R39,R4,R40,R58",R_0805_2012Metric,C17513
200k,"R12,R13,R43,R46",R_0805_2012Metric,C17539
30k,"R18,R33",R_0805_2012Metric,C17621
470,"R30,R59",R_0805_2012Metric,C17710
1N5819,"D17,D18",D_SOD-323,C191023
3.6k,"R19,R20,R34,R35",R_0603_1608Metric,C22980
TL072,"U1,U2,U3",SOP-8_3.9x4.9mm_P1.27mm,C6961
1N4148,"D1,D10,D11,D12,D13,D14,D15,D16,D2,D3,D4,D5,D6,D7,D8,D9",D_SOD-123,C81598
10,R1,R_Axial_DIN0207_L6.3mm_D2.5mm_P7.62mm_Horizontal,
A,TP1,TestPoint_THTPad_D2.5mm_Drill1.2mm,
47R 1W,R26,R_Axial_DIN0309_L9.0mm_D3.2mm_P12.70mm_Horizontal,
Conn_01x10,CONN1,PinHeader_2x05_P2.54mm_Vertical_Shroud,
BD140,Q3,TO-126-3_Vertical,
B,TP2,TestPoint_THTPad_D2.5mm_Drill1.2mm,
C,TP3,TestPoint_THTPad_D2.5mm_Drill1.2mm,
BD140,Q5,TO-126-3_Vertical,
2R0,R36,R_Axial_DIN0207_L6.3mm_D2.5mm_P7.62mm_Horizontal,
10,R2,R_Axial_DIN0207_L6.3mm_D2.5mm_P7.62mm_Horizontal,
GND,TP6,TestPoint_THTPad_D2.5mm_Drill1.2mm,
GND,TP5,TestPoint_THTPad_D2.5mm_Drill1.2mm,
47R 1W,R38,R_Axial_DIN0309_L9.0mm_D3.2mm_P12.70mm_Horizontal,
BD139,Q2,TO-126-3_Vertical,
47uFx16V,C2,CP_Radial_D5.0mm_P2.50mm,
GND,TP8,TestPoint_THTPad_D2.5mm_Drill1.2mm,
2R0,R37,R_Axial_DIN0207_L6.3mm_D2.5mm_P7.62mm_Horizontal,
2R0,R24,R_Axial_DIN0207_L6.3mm_D2.5mm_P7.62mm_Horizontal,
GND,TP7,TestPoint_THTPad_D2.5mm_Drill1.2mm,
F,TP10,TestPoint_THTPad_D2.5mm_Drill1.2mm,
BD139,Q4,TO-126-3_Vertical,
2R0,R25,R_Axial_DIN0207_L6.3mm_D2.5mm_P7.62mm_Horizontal,
E,TP9,TestPoint_THTPad_D2.5mm_Drill1.2mm,
D,TP4,TestPoint_THTPad_D2.5mm_Drill1.2mm,
47uFx16V,C3,CP_Radial_D5.0mm_P2.50mm,
B100k,R44,Potentiometer_Alpha_RD901F-40-00D_Single_Vertical,
B100k,R6,Potentiometer_Alpha_RD901F-40-00D_Single_Vertical,
IN2,J2,Jack_3.5mm_QingPu_WQP-PJ398SM_Vertical_CircularHoles,
Line out,J6,Jack_3.5mm_Stereo_Unbranded,
B100k,R5,Potentiometer_Alpha_RD901F-40-00D_Single_Vertical,
B100k,R41,Potentiometer_Alpha_RD901F-40-00D_Single_Vertical,
B10k,R52,Potentiometer_Alpha_RD901F-40-00D_Single_Vertical,
Headphones,J5,Jack_3.5mm_Stereo_Unbranded,
B10k,R49,Potentiometer_Alpha_RD901F-40-00D_Single_Vertical,
IN1,J3,Jack_3.5mm_QingPu_WQP-PJ398SM_Vertical_CircularHoles,
IN1,J1,Jack_3.5mm_QingPu_WQP-PJ398SM_Vertical_CircularHoles,
B10k,R53,Potentiometer_Alpha_RD901F-40-00D_Single_Vertical,
B10k,R23,Potentiometer_Alpha_RD901F-40-00D_Single_Vertical,
IN2,J4,Jack_3.5mm_QingPu_WQP-PJ398SM_Vertical_CircularHoles,
